ID Year,Year,ID Race,Race,Household Income by Race,Household Income by Race Moe,Geography,ID Geography
2013,2013,0,Total,36412,5673,"Census Tract 108, Hamilton County, OH",14000US39061010800
2013,2013,0,Total,18852,4267,"Census Tract 94, Hamilton County, OH",14000US39061009400
2013,2013,0,Total,12799,2927,"Census Tract 36, Hamilton County, OH",14000US39061003600
2013,2013,0,Total,20164,5162,"Census Tract 77, Hamilton County, OH",14000US39061007700
2013,2013,0,Total,23157,5524,"Census Tract 29, Hamilton County, OH",14000US39061002900
2013,2013,0,Total,31453,8657,"Census Tract 109, Hamilton County, OH",14000US39061010900
2013,2013,0,Total,41650,5670,"Census Tract 63, Hamilton County, OH",14000US39061006300
2013,2013,0,Total,33157,3093,"Census Tract 95, Hamilton County, OH",14000US39061009500
2013,2013,0,Total,46925,11113,"Census Tract 53.02, Hamilton County, OH",14000US39061005302
2013,2013,0,Total,94653,12636,"Census Tract 47.01, Hamilton County, OH",14000US39061004701
2013,2013,0,Total,22750,2817,"Census Tract 110, Hamilton County, OH",14000US39061011000
2013,2013,0,Total,36182,7017,"Census Tract 78, Hamilton County, OH",14000US39061007800
2013,2013,0,Total,58977,17123,"Census Tract 19, Hamilton County, OH",14000US39061001900
2013,2013,0,Total,33507,8992,"Census Tract 96, Hamilton County, OH",14000US39061009600
2013,2013,0,Total,21496,5967,"Census Tract 26, Hamilton County, OH",14000US39061002600
2013,2013,0,Total,53226,6738,"Census Tract 111, Hamilton County, OH",14000US39061011100
2013,2013,0,Total,27553,3174,"Census Tract 64, Hamilton County, OH",14000US39061006400
2013,2013,0,Total,42115,7421,"Census Tract 42, Hamilton County, OH",14000US39061004200
2013,2013,0,Total,36154,9097,"Census Tract 79, Hamilton County, OH",14000US39061007900
2013,2013,0,Total,28672,7371,"Census Tract 97, Hamilton County, OH",14000US39061009700
2013,2013,0,Total,43628,5713,"Census Tract 208.11, Hamilton County, OH",14000US39061020811
2013,2013,0,Total,41354,6485,"Census Tract 54, Hamilton County, OH",14000US39061005400
2013,2013,0,Total,8516,1877,"Census Tract 16, Hamilton County, OH",14000US39061001600
2013,2013,0,Total,31842,6289,"Census Tract 47.02, Hamilton County, OH",14000US39061004702
2013,2013,0,Total,62294,12185,"Census Tract 65, Hamilton County, OH",14000US39061006500
2013,2013,0,Total,46303,7214,"Census Tract 209.01, Hamilton County, OH",14000US39061020901
2013,2013,0,Total,25658,3422,"Census Tract 98, Hamilton County, OH",14000US39061009800
2013,2013,0,Total,9851,2288,"Census Tract 80, Hamilton County, OH",14000US39061008000
2013,2013,0,Total,11000,3220,"Census Tract 37, Hamilton County, OH",14000US39061003700
2013,2013,0,Total,40690,13985,"Census Tract 10, Hamilton County, OH",14000US39061001000
2013,2013,0,Total,55000,13286,"Census Tract 212.02, Hamilton County, OH",14000US39061021202
2013,2013,0,Total,30458,6575,"Census Tract 55, Hamilton County, OH",14000US39061005500
2013,2013,0,Total,54414,9707,"Census Tract 99.01, Hamilton County, OH",14000US39061009901
2013,2013,0,Total,17222,2721,"Census Tract 30, Hamilton County, OH",14000US39061003000
2013,2013,0,Total,31976,10987,"Census Tract 81, Hamilton County, OH",14000US39061008100
2013,2013,0,Total,56875,14509,"Census Tract 214.01, Hamilton County, OH",14000US39061021401
2013,2013,0,Total,12813,5799,"Census Tract 66, Hamilton County, OH",14000US39061006600
2013,2013,0,Total,133214,71935,"Census Tract 45, Hamilton County, OH",14000US39061004500
2013,2013,0,Total,34716,2069,"Census Tract 99.02, Hamilton County, OH",14000US39061009902
2013,2013,0,Total,106786,10461,"Census Tract 48, Hamilton County, OH",14000US39061004800
2013,2013,0,Total,51471,5531,"Census Tract 221.02, Hamilton County, OH",14000US39061022102
2013,2013,0,Total,22292,14869,"Census Tract 11, Hamilton County, OH",14000US39061001100
2013,2013,0,Total,42303,2517,"Census Tract 82.01, Hamilton County, OH",14000US39061008201
2013,2013,0,Total,42055,6340,"Census Tract 56, Hamilton County, OH",14000US39061005600
2013,2013,0,Total,26507,4032,"Census Tract 100.02, Hamilton County, OH",14000US39061010002
2013,2013,0,Total,58214,5586,"Census Tract 222, Hamilton County, OH",14000US39061022200
2013,2013,0,Total,23873,5746,"Census Tract 68, Hamilton County, OH",14000US39061006800
2013,2013,0,Total,19531,9139,"Census Tract 23, Hamilton County, OH",14000US39061002300
2013,2013,0,Total,21007,4258,"Census Tract 38, Hamilton County, OH",14000US39061003800
2013,2013,0,Total,25886,5752,"Census Tract 82.02, Hamilton County, OH",14000US39061008202
2013,2013,0,Total,33360,3178,"Census Tract 232.01, Hamilton County, OH",14000US39061023201
2013,2013,0,Total,37740,4007,"Census Tract 100.03, Hamilton County, OH",14000US39061010003
2013,2013,0,Total,26930,3916,"Census Tract 27, Hamilton County, OH",14000US39061002700
2013,2013,0,Total,78827,12181,"Census Tract 49, Hamilton County, OH",14000US39061004900
2013,2013,0,Total,17962,6251,"Census Tract 69, Hamilton County, OH",14000US39061006900
2013,2013,0,Total,91125,15983,"Census Tract 242, Hamilton County, OH",14000US39061024200
2013,2013,0,Total,45575,10869,"Census Tract 57.01, Hamilton County, OH",14000US39061005701
2013,2013,0,Total,29301,2681,"Census Tract 100.04, Hamilton County, OH",14000US39061010004
2013,2013,0,Total,39672,7617,"Census Tract 83, Hamilton County, OH",14000US39061008300
2013,2013,0,Total,55042,11989,"Census Tract 46.02, Hamilton County, OH",14000US39061004602
2013,2013,0,Total,163686,20869,"Census Tract 244, Hamilton County, OH",14000US39061024400
2013,2013,0,Total,44028,13881,"Census Tract 18, Hamilton County, OH",14000US39061001800
2013,2013,0,Total,31250,8334,"Census Tract 32, Hamilton County, OH",14000US39061003200
2013,2013,0,Total,41912,14280,"Census Tract 100.05, Hamilton County, OH",14000US39061010005
2013,2013,0,Total,29327,8644,"Census Tract 70, Hamilton County, OH",14000US39061007000
2013,2013,0,Total,77379,8287,"Census Tract 250.01, Hamilton County, OH",14000US39061025001
2013,2013,0,Total,30500,14245,"Census Tract 84, Hamilton County, OH",14000US39061008400
2013,2013,0,Total,59000,10533,"Census Tract 20, Hamilton County, OH",14000US39061002000
2013,2013,0,Total,50825,3921,"Census Tract 57.02, Hamilton County, OH",14000US39061005702
2013,2013,0,Total,36868,5473,"Census Tract 101, Hamilton County, OH",14000US39061010100
2013,2013,0,Total,14286,8295,"Census Tract 263, Hamilton County, OH",14000US39061026300
2013,2013,0,Total,70915,10694,"Census Tract 50, Hamilton County, OH",14000US39061005000
2013,2013,0,Total,25625,10122,"Census Tract 39, Hamilton County, OH",14000US39061003900
2013,2013,0,Total,18114,2715,"Census Tract 85.01, Hamilton County, OH",14000US39061008501
2013,2013,0,Total,39888,8974,"Census Tract 71, Hamilton County, OH",14000US39061007100
2013,2013,0,Total,12737,2531,"Census Tract 264, Hamilton County, OH",14000US39061026400
2013,2013,0,Total,29744,4571,"Census Tract 102.01, Hamilton County, OH",14000US39061010201
2013,2013,0,Total,71369,23200,"Census Tract 46.03, Hamilton County, OH",14000US39061004603
2013,2013,0,Total,57171,13503,"Census Tract 7, Hamilton County, OH",14000US39061000700
2013,2013,0,Total,46488,7236,"Census Tract 58, Hamilton County, OH",14000US39061005800
2013,2013,0,Total,37500,11972,"Census Tract 265, Hamilton County, OH",14000US39061026500
2013,2013,0,Total,8186,1917,"Census Tract 85.02, Hamilton County, OH",14000US39061008502
2013,2013,0,Total,49615,7043,"Census Tract 102.02, Hamilton County, OH",14000US39061010202
2013,2013,0,Total,16307,6982,"Census Tract 9, Hamilton County, OH",14000US39061000900
2013,2013,0,Total,38548,8804,"Census Tract 72, Hamilton County, OH",14000US39061007200
2013,2013,0,Total,55865,26302,"Census Tract 266, Hamilton County, OH",14000US39061026600
2013,2013,0,Total,90662,20882,"Census Tract 51, Hamilton County, OH",14000US39061005100
2013,2013,0,Total,29769,6674,"Census Tract 28, Hamilton County, OH",14000US39061002800
2013,2013,0,Total,23468,9098,"Census Tract 103, Hamilton County, OH",14000US39061010300
2013,2013,0,Total,15898,2698,"Census Tract 86.01, Hamilton County, OH",14000US39061008601
2013,2013,0,Total,16630,4387,"Census Tract 267, Hamilton County, OH",14000US39061026700
2013,2013,0,Total,14805,3130,"Census Tract 33, Hamilton County, OH",14000US39061003300
2013,2013,0,Total,54917,8297,"Census Tract 59, Hamilton County, OH",14000US39061005900
2013,2013,0,Total,31032,2714,"Census Tract 73, Hamilton County, OH",14000US39061007300
2013,2013,0,Total,39801,5129,"Census Tract 104, Hamilton County, OH",14000US39061010400
2013,2013,0,Total,94464,15505,"Census Tract 268, Hamilton County, OH",14000US39061026800
2013,2013,0,Total,57344,14273,"Census Tract 46.04, Hamilton County, OH",14000US39061004604
2013,2013,0,Total,19088,7097,"Census Tract 88, Hamilton County, OH",14000US39061008800
2013,2013,0,Total,35625,9617,"Census Tract 40, Hamilton County, OH",14000US39061004000
2013,2013,0,Total,62994,13777,"Census Tract 52, Hamilton County, OH",14000US39061005200
2013,2013,0,Total,10218,2311,"Census Tract 269, Hamilton County, OH",14000US39061026900
2013,2013,0,Total,35526,15298,"Census Tract 105, Hamilton County, OH",14000US39061010500
2013,2013,0,Total,21393,8330,"Census Tract 25, Hamilton County, OH",14000US39061002500
2013,2013,0,Total,37271,7805,"Census Tract 60, Hamilton County, OH",14000US39061006000
2013,2013,0,Total,21445,5125,"Census Tract 92, Hamilton County, OH",14000US39061009200
2013,2013,0,Total,12240,2399,"Census Tract 270, Hamilton County, OH",14000US39061027000
2013,2013,0,Total,11644,1031,"Census Tract 17, Hamilton County, OH",14000US39061001700
2013,2013,0,Total,56290,10135,"Census Tract 106, Hamilton County, OH",14000US39061010600
2013,2013,0,Total,19000,7900,"Census Tract 2, Hamilton County, OH",14000US39061000200
2013,2013,0,Total,51324,4581,"Census Tract 46.05, Hamilton County, OH",14000US39061004605
2013,2013,0,Total,19464,3130,"Census Tract 271, Hamilton County, OH",14000US39061027100
2013,2013,0,Total,47760,8523,"Census Tract 53.01, Hamilton County, OH",14000US39061005301
2013,2013,0,Total,26108,4535,"Census Tract 93, Hamilton County, OH",14000US39061009300
2013,2013,0,Total,50575,7265,"Census Tract 107, Hamilton County, OH",14000US39061010700
2013,2013,0,Total,39500,19059,"Census Tract 75, Hamilton County, OH",14000US39061007500
2013,2013,0,Total,19018,5822,"Census Tract 272, Hamilton County, OH",14000US39061027200
2013,2013,0,Total,30727,8012,"Census Tract 61, Hamilton County, OH",14000US39061006100
2013,2013,0,Total,27500,8331,"Census Tract 22, Hamilton County, OH",14000US39061002200
2013,2013,0,Total,36500,19460,"Census Tract 41, Hamilton County, OH",14000US39061004100
2013,2013,0,Total,29196,8056,"Census Tract 74, Hamilton County, OH",14000US39061007400
2014,2014,0,Total,33462,4543,"Census Tract 74, Hamilton County, OH",14000US39061007400
2014,2014,0,Total,53712,9070,"Census Tract 102.02, Hamilton County, OH",14000US39061010202
2014,2014,0,Total,21952,6573,"Census Tract 92, Hamilton County, OH",14000US39061009200
2014,2014,0,Total,35000,9339,"Census Tract 70, Hamilton County, OH",14000US39061007000
2014,2014,0,Total,73790,8955,"Census Tract 46.03, Hamilton County, OH",14000US39061004603
2014,2014,0,Total,18952,6411,"Census Tract 103, Hamilton County, OH",14000US39061010300
2014,2014,0,Total,61633,14346,"Census Tract 65, Hamilton County, OH",14000US39061006500
2014,2014,0,Total,44423,14879,"Census Tract 57.01, Hamilton County, OH",14000US39061005701
2014,2014,0,Total,52500,10082,"Census Tract 46.02, Hamilton County, OH",14000US39061004602
2014,2014,0,Total,37414,4147,"Census Tract 104, Hamilton County, OH",14000US39061010400
2014,2014,0,Total,27692,9562,"Census Tract 93, Hamilton County, OH",14000US39061009300
2014,2014,0,Total,27244,7094,"Census Tract 82.02, Hamilton County, OH",14000US39061008202
2014,2014,0,Total,148500,54490,"Census Tract 45, Hamilton County, OH",14000US39061004500
2014,2014,0,Total,36528,20216,"Census Tract 105, Hamilton County, OH",14000US39061010500
2014,2014,0,Total,35625,10966,"Census Tract 79, Hamilton County, OH",14000US39061007900
2014,2014,0,Total,42633,10777,"Census Tract 56, Hamilton County, OH",14000US39061005600
2014,2014,0,Total,45000,13666,"Census Tract 42, Hamilton County, OH",14000US39061004200
2014,2014,0,Total,56339,9914,"Census Tract 106, Hamilton County, OH",14000US39061010600
2014,2014,0,Total,18892,2956,"Census Tract 94, Hamilton County, OH",14000US39061009400
2014,2014,0,Total,15975,6369,"Census Tract 77, Hamilton County, OH",14000US39061007700
2014,2014,0,Total,31360,9653,"Census Tract 41, Hamilton County, OH",14000US39061004100
2014,2014,0,Total,47792,9717,"Census Tract 107, Hamilton County, OH",14000US39061010700
2014,2014,0,Total,25781,4929,"Census Tract 64, Hamilton County, OH",14000US39061006400
2014,2014,0,Total,30536,8778,"Census Tract 55, Hamilton County, OH",14000US39061005500
2014,2014,0,Total,34917,11376,"Census Tract 40, Hamilton County, OH",14000US39061004000
2014,2014,0,Total,36273,2967,"Census Tract 108, Hamilton County, OH",14000US39061010800
2014,2014,0,Total,31226,4924,"Census Tract 95, Hamilton County, OH",14000US39061009500
2014,2014,0,Total,47833,7499,"Census Tract 83, Hamilton County, OH",14000US39061008300
2014,2014,0,Total,21650,4942,"Census Tract 39, Hamilton County, OH",14000US39061003900
2014,2014,0,Total,34542,5709,"Census Tract 109, Hamilton County, OH",14000US39061010900
2014,2014,0,Total,40880,9982,"Census Tract 75, Hamilton County, OH",14000US39061007500
2014,2014,0,Total,41250,6980,"Census Tract 54, Hamilton County, OH",14000US39061005400
2014,2014,0,Total,19674,7419,"Census Tract 38, Hamilton County, OH",14000US39061003800
2014,2014,0,Total,24771,3844,"Census Tract 110, Hamilton County, OH",14000US39061011000
2014,2014,0,Total,36471,5772,"Census Tract 96, Hamilton County, OH",14000US39061009600
2014,2014,0,Total,20652,4281,"Census Tract 69, Hamilton County, OH",14000US39061006900
2014,2014,0,Total,10122,2083,"Census Tract 37, Hamilton County, OH",14000US39061003700
2014,2014,0,Total,49473,4508,"Census Tract 111, Hamilton County, OH",14000US39061011100
2014,2014,0,Total,39035,2107,"Census Tract 63, Hamilton County, OH",14000US39061006300
2014,2014,0,Total,50286,9243,"Census Tract 53.02, Hamilton County, OH",14000US39061005302
2014,2014,0,Total,11707,3654,"Census Tract 36, Hamilton County, OH",14000US39061003600
2014,2014,0,Total,50104,17151,"Census Tract 208.11, Hamilton County, OH",14000US39061020811
2014,2014,0,Total,29250,8356,"Census Tract 97, Hamilton County, OH",14000US39061009700
2014,2014,0,Total,30493,14175,"Census Tract 84, Hamilton County, OH",14000US39061008400
2014,2014,0,Total,13850,5988,"Census Tract 33, Hamilton County, OH",14000US39061003300
2014,2014,0,Total,47005,7818,"Census Tract 209.01, Hamilton County, OH",14000US39061020901
2014,2014,0,Total,9681,1863,"Census Tract 80, Hamilton County, OH",14000US39061008000
2014,2014,0,Total,48594,7173,"Census Tract 53.01, Hamilton County, OH",14000US39061005301
2014,2014,0,Total,25192,5758,"Census Tract 32, Hamilton County, OH",14000US39061003200
2014,2014,0,Total,74100,14407,"Census Tract 212.02, Hamilton County, OH",14000US39061021202
2014,2014,0,Total,23269,6438,"Census Tract 98, Hamilton County, OH",14000US39061009800
2014,2014,0,Total,16250,2916,"Census Tract 2, Hamilton County, OH",14000US39061000200
2014,2014,0,Total,17832,2722,"Census Tract 30, Hamilton County, OH",14000US39061003000
2014,2014,0,Total,41875,8574,"Census Tract 214.01, Hamilton County, OH",14000US39061021401
2014,2014,0,Total,29091,8275,"Census Tract 61, Hamilton County, OH",14000US39061006100
2014,2014,0,Total,68571,16334,"Census Tract 52, Hamilton County, OH",14000US39061005200
2014,2014,0,Total,23323,7109,"Census Tract 29, Hamilton County, OH",14000US39061002900
2014,2014,0,Total,53897,5974,"Census Tract 221.02, Hamilton County, OH",14000US39061022102
2014,2014,0,Total,49688,9682,"Census Tract 99.01, Hamilton County, OH",14000US39061009901
2014,2014,0,Total,16616,3121,"Census Tract 85.01, Hamilton County, OH",14000US39061008501
2014,2014,0,Total,29318,6349,"Census Tract 28, Hamilton County, OH",14000US39061002800
2014,2014,0,Total,60234,8442,"Census Tract 222, Hamilton County, OH",14000US39061022200
2014,2014,0,Total,41329,2871,"Census Tract 71, Hamilton County, OH",14000US39061007100
2014,2014,0,Total,92898,22179,"Census Tract 51, Hamilton County, OH",14000US39061005100
2014,2014,0,Total,28977,5503,"Census Tract 27, Hamilton County, OH",14000US39061002700
2014,2014,0,Total,33553,1700,"Census Tract 232.01, Hamilton County, OH",14000US39061023201
2014,2014,0,Total,35303,2904,"Census Tract 99.02, Hamilton County, OH",14000US39061009902
2014,2014,0,Total,24631,2950,"Census Tract 68, Hamilton County, OH",14000US39061006800
2014,2014,0,Total,20398,4843,"Census Tract 26, Hamilton County, OH",14000US39061002600
2014,2014,0,Total,91250,21905,"Census Tract 242, Hamilton County, OH",14000US39061024200
2014,2014,0,Total,35250,4422,"Census Tract 60, Hamilton County, OH",14000US39061006000
2014,2014,0,Total,67318,6002,"Census Tract 50, Hamilton County, OH",14000US39061005000
2014,2014,0,Total,25333,7146,"Census Tract 25, Hamilton County, OH",14000US39061002500
2014,2014,0,Total,174375,32306,"Census Tract 244, Hamilton County, OH",14000US39061024400
2014,2014,0,Total,24682,4941,"Census Tract 100.02, Hamilton County, OH",14000US39061010002
2014,2014,0,Total,6741,2035,"Census Tract 85.02, Hamilton County, OH",14000US39061008502
2014,2014,0,Total,20000,15462,"Census Tract 23, Hamilton County, OH",14000US39061002300
2014,2014,0,Total,79531,9988,"Census Tract 250.01, Hamilton County, OH",14000US39061025001
2014,2014,0,Total,33668,7993,"Census Tract 81, Hamilton County, OH",14000US39061008100
2014,2014,0,Total,75286,16580,"Census Tract 49, Hamilton County, OH",14000US39061004900
2014,2014,0,Total,26917,6308,"Census Tract 22, Hamilton County, OH",14000US39061002200
2014,2014,0,Total,15580,8276,"Census Tract 263, Hamilton County, OH",14000US39061026300
2014,2014,0,Total,32500,5181,"Census Tract 100.03, Hamilton County, OH",14000US39061010003
2014,2014,0,Total,39242,6317,"Census Tract 78, Hamilton County, OH",14000US39061007800
2014,2014,0,Total,58875,9476,"Census Tract 20, Hamilton County, OH",14000US39061002000
2014,2014,0,Total,13769,4922,"Census Tract 264, Hamilton County, OH",14000US39061026400
2014,2014,0,Total,52337,7838,"Census Tract 59, Hamilton County, OH",14000US39061005900
2014,2014,0,Total,109487,11129,"Census Tract 48, Hamilton County, OH",14000US39061004800
2014,2014,0,Total,63681,6978,"Census Tract 19, Hamilton County, OH",14000US39061001900
2014,2014,0,Total,51667,16395,"Census Tract 265, Hamilton County, OH",14000US39061026500
2014,2014,0,Total,27043,5117,"Census Tract 100.04, Hamilton County, OH",14000US39061010004
2014,2014,0,Total,16268,4923,"Census Tract 86.01, Hamilton County, OH",14000US39061008601
2014,2014,0,Total,43295,12443,"Census Tract 18, Hamilton County, OH",14000US39061001800
2014,2014,0,Total,50469,15524,"Census Tract 266, Hamilton County, OH",14000US39061026600
2014,2014,0,Total,30854,1935,"Census Tract 73, Hamilton County, OH",14000US39061007300
2014,2014,0,Total,33929,7298,"Census Tract 47.02, Hamilton County, OH",14000US39061004702
2014,2014,0,Total,12940,1976,"Census Tract 17, Hamilton County, OH",14000US39061001700
2014,2014,0,Total,14118,3985,"Census Tract 267, Hamilton County, OH",14000US39061026700
2014,2014,0,Total,36750,10660,"Census Tract 100.05, Hamilton County, OH",14000US39061010005
2014,2014,0,Total,14285,2982,"Census Tract 66, Hamilton County, OH",14000US39061006600
2014,2014,0,Total,8433,1527,"Census Tract 16, Hamilton County, OH",14000US39061001600
2014,2014,0,Total,87426,13162,"Census Tract 268, Hamilton County, OH",14000US39061026800
2014,2014,0,Total,39089,9653,"Census Tract 58, Hamilton County, OH",14000US39061005800
2014,2014,0,Total,90642,18093,"Census Tract 47.01, Hamilton County, OH",14000US39061004701
2014,2014,0,Total,18309,12253,"Census Tract 11, Hamilton County, OH",14000US39061001100
2014,2014,0,Total,11601,2577,"Census Tract 269, Hamilton County, OH",14000US39061026900
2014,2014,0,Total,36680,4663,"Census Tract 101, Hamilton County, OH",14000US39061010100
2014,2014,0,Total,19077,6514,"Census Tract 88, Hamilton County, OH",14000US39061008800
2014,2014,0,Total,39318,11255,"Census Tract 10, Hamilton County, OH",14000US39061001000
2014,2014,0,Total,12167,2757,"Census Tract 270, Hamilton County, OH",14000US39061027000
2014,2014,0,Total,43291,2646,"Census Tract 82.01, Hamilton County, OH",14000US39061008201
2014,2014,0,Total,52769,5329,"Census Tract 46.05, Hamilton County, OH",14000US39061004605
2014,2014,0,Total,20921,4303,"Census Tract 9, Hamilton County, OH",14000US39061000900
2014,2014,0,Total,18850,4906,"Census Tract 271, Hamilton County, OH",14000US39061027100
2014,2014,0,Total,30179,4759,"Census Tract 102.01, Hamilton County, OH",14000US39061010201
2014,2014,0,Total,45694,4768,"Census Tract 72, Hamilton County, OH",14000US39061007200
2014,2014,0,Total,69152,8551,"Census Tract 7, Hamilton County, OH",14000US39061000700
2014,2014,0,Total,20795,5836,"Census Tract 272, Hamilton County, OH",14000US39061027200
2014,2014,0,Total,53372,4673,"Census Tract 57.02, Hamilton County, OH",14000US39061005702
2014,2014,0,Total,53693,13091,"Census Tract 46.04, Hamilton County, OH",14000US39061004604
2015,2015,0,Total,60064,9928,"Census Tract 46.04, Hamilton County, OH",14000US39061004604
2015,2015,0,Total,16620,2295,"Census Tract 2, Hamilton County, OH",14000US39061000200
2015,2015,0,Total,37431,9294,"Census Tract 73, Hamilton County, OH",14000US39061007300
2015,2015,0,Total,45809,9078,"Census Tract 75, Hamilton County, OH",14000US39061007500
2015,2015,0,Total,41616,4854,"Census Tract 72, Hamilton County, OH",14000US39061007200
2015,2015,0,Total,12618,4032,"Census Tract 77, Hamilton County, OH",14000US39061007700
2015,2015,0,Total,40821,3246,"Census Tract 71, Hamilton County, OH",14000US39061007100
2015,2015,0,Total,41667,6870,"Census Tract 78, Hamilton County, OH",14000US39061007800
2015,2015,0,Total,36837,7898,"Census Tract 70, Hamilton County, OH",14000US39061007000
2015,2015,0,Total,38274,7921,"Census Tract 79, Hamilton County, OH",14000US39061007900
2015,2015,0,Total,23049,4838,"Census Tract 69, Hamilton County, OH",14000US39061006900
2015,2015,0,Total,9531,1789,"Census Tract 80, Hamilton County, OH",14000US39061008000
2015,2015,0,Total,22854,5502,"Census Tract 68, Hamilton County, OH",14000US39061006800
2015,2015,0,Total,33929,13361,"Census Tract 81, Hamilton County, OH",14000US39061008100
2015,2015,0,Total,20768,5287,"Census Tract 66, Hamilton County, OH",14000US39061006600
2015,2015,0,Total,40147,6023,"Census Tract 82.01, Hamilton County, OH",14000US39061008201
2015,2015,0,Total,56513,14178,"Census Tract 65, Hamilton County, OH",14000US39061006500
2015,2015,0,Total,32463,13346,"Census Tract 82.02, Hamilton County, OH",14000US39061008202
2015,2015,0,Total,26898,5076,"Census Tract 64, Hamilton County, OH",14000US39061006400
2015,2015,0,Total,46292,7370,"Census Tract 83, Hamilton County, OH",14000US39061008300
2015,2015,0,Total,38470,2578,"Census Tract 63, Hamilton County, OH",14000US39061006300
2015,2015,0,Total,25000,9641,"Census Tract 84, Hamilton County, OH",14000US39061008400
2015,2015,0,Total,26509,8820,"Census Tract 61, Hamilton County, OH",14000US39061006100
2015,2015,0,Total,17123,2473,"Census Tract 85.01, Hamilton County, OH",14000US39061008501
2015,2015,0,Total,36036,4264,"Census Tract 60, Hamilton County, OH",14000US39061006000
2015,2015,0,Total,6688,1113,"Census Tract 85.02, Hamilton County, OH",14000US39061008502
2015,2015,0,Total,44063,8932,"Census Tract 59, Hamilton County, OH",14000US39061005900
2015,2015,0,Total,17036,5059,"Census Tract 86.01, Hamilton County, OH",14000US39061008601
2015,2015,0,Total,36576,9772,"Census Tract 58, Hamilton County, OH",14000US39061005800
2015,2015,0,Total,15949,4407,"Census Tract 88, Hamilton County, OH",14000US39061008800
2015,2015,0,Total,54139,4998,"Census Tract 57.02, Hamilton County, OH",14000US39061005702
2015,2015,0,Total,18629,4852,"Census Tract 92, Hamilton County, OH",14000US39061009200
2015,2015,0,Total,53086,12397,"Census Tract 57.01, Hamilton County, OH",14000US39061005701
2015,2015,0,Total,25833,5853,"Census Tract 93, Hamilton County, OH",14000US39061009300
2015,2015,0,Total,45230,8608,"Census Tract 56, Hamilton County, OH",14000US39061005600
2015,2015,0,Total,19622,3945,"Census Tract 94, Hamilton County, OH",14000US39061009400
2015,2015,0,Total,32909,5559,"Census Tract 55, Hamilton County, OH",14000US39061005500
2015,2015,0,Total,31060,7422,"Census Tract 95, Hamilton County, OH",14000US39061009500
2015,2015,0,Total,45556,11072,"Census Tract 54, Hamilton County, OH",14000US39061005400
2015,2015,0,Total,34386,6973,"Census Tract 96, Hamilton County, OH",14000US39061009600
2015,2015,0,Total,55043,10034,"Census Tract 53.02, Hamilton County, OH",14000US39061005302
2015,2015,0,Total,27845,3913,"Census Tract 97, Hamilton County, OH",14000US39061009700
2015,2015,0,Total,47422,5777,"Census Tract 53.01, Hamilton County, OH",14000US39061005301
2015,2015,0,Total,21050,5220,"Census Tract 98, Hamilton County, OH",14000US39061009800
2015,2015,0,Total,74211,15290,"Census Tract 52, Hamilton County, OH",14000US39061005200
2015,2015,0,Total,49643,8328,"Census Tract 99.01, Hamilton County, OH",14000US39061009901
2015,2015,0,Total,91845,19000,"Census Tract 51, Hamilton County, OH",14000US39061005100
2015,2015,0,Total,31053,8624,"Census Tract 99.02, Hamilton County, OH",14000US39061009902
2015,2015,0,Total,65156,8778,"Census Tract 50, Hamilton County, OH",14000US39061005000
2015,2015,0,Total,21417,4807,"Census Tract 100.02, Hamilton County, OH",14000US39061010002
2015,2015,0,Total,84900,10873,"Census Tract 49, Hamilton County, OH",14000US39061004900
2015,2015,0,Total,30196,5015,"Census Tract 100.03, Hamilton County, OH",14000US39061010003
2015,2015,0,Total,108710,17730,"Census Tract 48, Hamilton County, OH",14000US39061004800
2015,2015,0,Total,26636,3531,"Census Tract 100.04, Hamilton County, OH",14000US39061010004
2015,2015,0,Total,36429,6314,"Census Tract 47.02, Hamilton County, OH",14000US39061004702
2015,2015,0,Total,34949,7915,"Census Tract 100.05, Hamilton County, OH",14000US39061010005
2015,2015,0,Total,90481,16506,"Census Tract 47.01, Hamilton County, OH",14000US39061004701
2015,2015,0,Total,34008,4611,"Census Tract 101, Hamilton County, OH",14000US39061010100
2015,2015,0,Total,52127,7117,"Census Tract 46.05, Hamilton County, OH",14000US39061004605
2015,2015,0,Total,30978,4845,"Census Tract 102.01, Hamilton County, OH",14000US39061010201
2015,2015,0,Total,42031,3251,"Census Tract 74, Hamilton County, OH",14000US39061007400
2015,2015,0,Total,49167,6912,"Census Tract 102.02, Hamilton County, OH",14000US39061010202
2015,2015,0,Total,68750,11713,"Census Tract 46.03, Hamilton County, OH",14000US39061004603
2015,2015,0,Total,24375,8255,"Census Tract 103, Hamilton County, OH",14000US39061010300
2015,2015,0,Total,49327,12917,"Census Tract 46.02, Hamilton County, OH",14000US39061004602
2015,2015,0,Total,33910,2435,"Census Tract 104, Hamilton County, OH",14000US39061010400
2015,2015,0,Total,118929,42432,"Census Tract 45, Hamilton County, OH",14000US39061004500
2015,2015,0,Total,34083,13925,"Census Tract 105, Hamilton County, OH",14000US39061010500
2015,2015,0,Total,51840,5361,"Census Tract 42, Hamilton County, OH",14000US39061004200
2015,2015,0,Total,49815,6079,"Census Tract 106, Hamilton County, OH",14000US39061010600
2015,2015,0,Total,31507,10045,"Census Tract 41, Hamilton County, OH",14000US39061004100
2015,2015,0,Total,47543,7505,"Census Tract 107, Hamilton County, OH",14000US39061010700
2015,2015,0,Total,41131,10238,"Census Tract 40, Hamilton County, OH",14000US39061004000
2015,2015,0,Total,35610,4229,"Census Tract 108, Hamilton County, OH",14000US39061010800
2015,2015,0,Total,26389,8792,"Census Tract 39, Hamilton County, OH",14000US39061003900
2015,2015,0,Total,31847,7083,"Census Tract 109, Hamilton County, OH",14000US39061010900
2015,2015,0,Total,15745,3902,"Census Tract 38, Hamilton County, OH",14000US39061003800
2015,2015,0,Total,24872,3736,"Census Tract 110, Hamilton County, OH",14000US39061011000
2015,2015,0,Total,9669,880,"Census Tract 37, Hamilton County, OH",14000US39061003700
2015,2015,0,Total,49854,6711,"Census Tract 111, Hamilton County, OH",14000US39061011100
2015,2015,0,Total,10043,3504,"Census Tract 36, Hamilton County, OH",14000US39061003600
2015,2015,0,Total,62639,8042,"Census Tract 208.11, Hamilton County, OH",14000US39061020811
2015,2015,0,Total,14865,8337,"Census Tract 33, Hamilton County, OH",14000US39061003300
2015,2015,0,Total,43917,5810,"Census Tract 209.01, Hamilton County, OH",14000US39061020901
2015,2015,0,Total,25707,3568,"Census Tract 32, Hamilton County, OH",14000US39061003200
2015,2015,0,Total,77544,9603,"Census Tract 212.02, Hamilton County, OH",14000US39061021202
2015,2015,0,Total,20100,3841,"Census Tract 30, Hamilton County, OH",14000US39061003000
2015,2015,0,Total,39675,8509,"Census Tract 214.01, Hamilton County, OH",14000US39061021401
2015,2015,0,Total,24146,8784,"Census Tract 29, Hamilton County, OH",14000US39061002900
2015,2015,0,Total,55536,8600,"Census Tract 221.02, Hamilton County, OH",14000US39061022102
2015,2015,0,Total,35469,13298,"Census Tract 28, Hamilton County, OH",14000US39061002800
2015,2015,0,Total,60161,8384,"Census Tract 222, Hamilton County, OH",14000US39061022200
2015,2015,0,Total,32313,5221,"Census Tract 27, Hamilton County, OH",14000US39061002700
2015,2015,0,Total,34148,4539,"Census Tract 232.01, Hamilton County, OH",14000US39061023201
2015,2015,0,Total,22254,6614,"Census Tract 26, Hamilton County, OH",14000US39061002600
2015,2015,0,Total,73045,11791,"Census Tract 242, Hamilton County, OH",14000US39061024200
2015,2015,0,Total,25276,8487,"Census Tract 25, Hamilton County, OH",14000US39061002500
2015,2015,0,Total,167500,27779,"Census Tract 244, Hamilton County, OH",14000US39061024400
2015,2015,0,Total,17829,10445,"Census Tract 23, Hamilton County, OH",14000US39061002300
2015,2015,0,Total,79464,9268,"Census Tract 250.01, Hamilton County, OH",14000US39061025001
2015,2015,0,Total,24660,4619,"Census Tract 22, Hamilton County, OH",14000US39061002200
2015,2015,0,Total,13333,9863,"Census Tract 263, Hamilton County, OH",14000US39061026300
2015,2015,0,Total,56810,5364,"Census Tract 20, Hamilton County, OH",14000US39061002000
2015,2015,0,Total,18005,6520,"Census Tract 264, Hamilton County, OH",14000US39061026400
2015,2015,0,Total,60395,14902,"Census Tract 19, Hamilton County, OH",14000US39061001900
2015,2015,0,Total,50852,13295,"Census Tract 265, Hamilton County, OH",14000US39061026500
2015,2015,0,Total,49032,10667,"Census Tract 18, Hamilton County, OH",14000US39061001800
2015,2015,0,Total,50893,10859,"Census Tract 266, Hamilton County, OH",14000US39061026600
2015,2015,0,Total,12439,1959,"Census Tract 17, Hamilton County, OH",14000US39061001700
2015,2015,0,Total,16111,2458,"Census Tract 267, Hamilton County, OH",14000US39061026700
2015,2015,0,Total,8946,914,"Census Tract 16, Hamilton County, OH",14000US39061001600
2015,2015,0,Total,81402,11613,"Census Tract 268, Hamilton County, OH",14000US39061026800
2015,2015,0,Total,14500,12272,"Census Tract 11, Hamilton County, OH",14000US39061001100
2015,2015,0,Total,12184,3831,"Census Tract 269, Hamilton County, OH",14000US39061026900
2015,2015,0,Total,40950,8996,"Census Tract 10, Hamilton County, OH",14000US39061001000
2015,2015,0,Total,12282,3472,"Census Tract 270, Hamilton County, OH",14000US39061027000
2015,2015,0,Total,23906,5505,"Census Tract 9, Hamilton County, OH",14000US39061000900
2015,2015,0,Total,16817,5486,"Census Tract 271, Hamilton County, OH",14000US39061027100
2015,2015,0,Total,68958,7471,"Census Tract 7, Hamilton County, OH",14000US39061000700
2015,2015,0,Total,20462,4328,"Census Tract 272, Hamilton County, OH",14000US39061027200
2016,2016,0,Total,30907,5980,"Census Tract 102.01, Hamilton County, OH",14000US39061010201
2016,2016,0,Total,51530,5972,"Census Tract 46.04, Hamilton County, OH",14000US39061004604
2016,2016,0,Total,34688,8714,"Census Tract 28, Hamilton County, OH",14000US39061002800
2016,2016,0,Total,17534,2203,"Census Tract 2, Hamilton County, OH",14000US39061000200
2016,2016,0,Total,35444,5174,"Census Tract 101, Hamilton County, OH",14000US39061010100
2016,2016,0,Total,54329,4094,"Census Tract 46.05, Hamilton County, OH",14000US39061004605
2016,2016,0,Total,16373,6749,"Census Tract 264, Hamilton County, OH",14000US39061026400
2016,2016,0,Total,41742,11033,"Census Tract 214.01, Hamilton County, OH",14000US39061021401
2016,2016,0,Total,46964,13237,"Census Tract 100.05, Hamilton County, OH",14000US39061010005
2016,2016,0,Total,79500,23671,"Census Tract 47.01, Hamilton County, OH",14000US39061004701
2016,2016,0,Total,20810,9570,"Census Tract 29, Hamilton County, OH",14000US39061002900
2016,2016,0,Total,48438,8074,"Census Tract 19, Hamilton County, OH",14000US39061001900
2016,2016,0,Total,25995,3244,"Census Tract 100.04, Hamilton County, OH",14000US39061010004
2016,2016,0,Total,38750,9698,"Census Tract 47.02, Hamilton County, OH",14000US39061004702
2016,2016,0,Total,82153,11863,"Census Tract 268, Hamilton County, OH",14000US39061026800
2016,2016,0,Total,69980,9099,"Census Tract 212.02, Hamilton County, OH",14000US39061021202
2016,2016,0,Total,31261,3374,"Census Tract 100.03, Hamilton County, OH",14000US39061010003
2016,2016,0,Total,112366,10886,"Census Tract 48, Hamilton County, OH",14000US39061004800
2016,2016,0,Total,20600,3574,"Census Tract 30, Hamilton County, OH",14000US39061003000
2016,2016,0,Total,11976,2704,"Census Tract 270, Hamilton County, OH",14000US39061027000
2016,2016,0,Total,22424,7524,"Census Tract 100.02, Hamilton County, OH",14000US39061010002
2016,2016,0,Total,90997,18077,"Census Tract 49, Hamilton County, OH",14000US39061004900
2016,2016,0,Total,9738,5418,"Census Tract 263, Hamilton County, OH",14000US39061026300
2016,2016,0,Total,47778,5979,"Census Tract 209.01, Hamilton County, OH",14000US39061020901
2016,2016,0,Total,31989,10185,"Census Tract 99.02, Hamilton County, OH",14000US39061009902
2016,2016,0,Total,65268,8182,"Census Tract 50, Hamilton County, OH",14000US39061005000
2016,2016,0,Total,25050,5519,"Census Tract 32, Hamilton County, OH",14000US39061003200
2016,2016,0,Total,57365,8477,"Census Tract 20, Hamilton County, OH",14000US39061002000
2016,2016,0,Total,49590,4972,"Census Tract 99.01, Hamilton County, OH",14000US39061009901
2016,2016,0,Total,91250,25056,"Census Tract 51, Hamilton County, OH",14000US39061005100
2016,2016,0,Total,27366,6267,"Census Tract 9, Hamilton County, OH",14000US39061000900
2016,2016,0,Total,62792,10695,"Census Tract 208.11, Hamilton County, OH",14000US39061020811
2016,2016,0,Total,21685,5887,"Census Tract 98, Hamilton County, OH",14000US39061009800
2016,2016,0,Total,64167,20095,"Census Tract 52, Hamilton County, OH",14000US39061005200
2016,2016,0,Total,20550,7106,"Census Tract 33, Hamilton County, OH",14000US39061003300
2016,2016,0,Total,16659,4590,"Census Tract 267, Hamilton County, OH",14000US39061026700
2016,2016,0,Total,26995,5536,"Census Tract 97, Hamilton County, OH",14000US39061009700
2016,2016,0,Total,51429,6564,"Census Tract 53.01, Hamilton County, OH",14000US39061005301
2016,2016,0,Total,82531,9173,"Census Tract 250.01, Hamilton County, OH",14000US39061025001
2016,2016,0,Total,55966,10400,"Census Tract 111, Hamilton County, OH",14000US39061011100
2016,2016,0,Total,34620,5423,"Census Tract 96, Hamilton County, OH",14000US39061009600
2016,2016,0,Total,54118,13212,"Census Tract 53.02, Hamilton County, OH",14000US39061005302
2016,2016,0,Total,9757,1457,"Census Tract 36, Hamilton County, OH",14000US39061003600
2016,2016,0,Total,26319,10124,"Census Tract 22, Hamilton County, OH",14000US39061002200
2016,2016,0,Total,31299,5517,"Census Tract 95, Hamilton County, OH",14000US39061009500
2016,2016,0,Total,50417,6689,"Census Tract 54, Hamilton County, OH",14000US39061005400
2016,2016,0,Total,10703,4962,"Census Tract 16, Hamilton County, OH",14000US39061001600
2016,2016,0,Total,26846,7356,"Census Tract 110, Hamilton County, OH",14000US39061011000
2016,2016,0,Total,19132,4107,"Census Tract 94, Hamilton County, OH",14000US39061009400
2016,2016,0,Total,35231,8417,"Census Tract 55, Hamilton County, OH",14000US39061005500
2016,2016,0,Total,10253,1631,"Census Tract 37, Hamilton County, OH",14000US39061003700
2016,2016,0,Total,16498,6087,"Census Tract 271, Hamilton County, OH",14000US39061027100
2016,2016,0,Total,25646,7051,"Census Tract 93, Hamilton County, OH",14000US39061009300
2016,2016,0,Total,47087,7421,"Census Tract 56, Hamilton County, OH",14000US39061005600
2016,2016,0,Total,165250,33783,"Census Tract 244, Hamilton County, OH",14000US39061024400
2016,2016,0,Total,32776,6187,"Census Tract 109, Hamilton County, OH",14000US39061010900
2016,2016,0,Total,22760,7915,"Census Tract 92, Hamilton County, OH",14000US39061009200
2016,2016,0,Total,48100,11332,"Census Tract 57.01, Hamilton County, OH",14000US39061005701
2016,2016,0,Total,19104,6548,"Census Tract 38, Hamilton County, OH",14000US39061003800
2016,2016,0,Total,24750,14737,"Census Tract 23, Hamilton County, OH",14000US39061002300
2016,2016,0,Total,20260,4834,"Census Tract 88, Hamilton County, OH",14000US39061008800
2016,2016,0,Total,55830,3695,"Census Tract 57.02, Hamilton County, OH",14000US39061005702
2016,2016,0,Total,60563,9650,"Census Tract 7, Hamilton County, OH",14000US39061000700
2016,2016,0,Total,37750,5986,"Census Tract 108, Hamilton County, OH",14000US39061010800
2016,2016,0,Total,13992,1937,"Census Tract 86.01, Hamilton County, OH",14000US39061008601
2016,2016,0,Total,35818,9189,"Census Tract 58, Hamilton County, OH",14000US39061005800
2016,2016,0,Total,22051,7953,"Census Tract 39, Hamilton County, OH",14000US39061003900
2016,2016,0,Total,52356,17929,"Census Tract 266, Hamilton County, OH",14000US39061026600
2016,2016,0,Total,7056,1207,"Census Tract 85.02, Hamilton County, OH",14000US39061008502
2016,2016,0,Total,44844,9886,"Census Tract 59, Hamilton County, OH",14000US39061005900
2016,2016,0,Total,90357,36510,"Census Tract 242, Hamilton County, OH",14000US39061024200
2016,2016,0,Total,41094,13510,"Census Tract 107, Hamilton County, OH",14000US39061010700
2016,2016,0,Total,17876,2560,"Census Tract 85.01, Hamilton County, OH",14000US39061008501
2016,2016,0,Total,35136,3337,"Census Tract 60, Hamilton County, OH",14000US39061006000
2016,2016,0,Total,47000,8717,"Census Tract 40, Hamilton County, OH",14000US39061004000
2016,2016,0,Total,26184,1966,"Census Tract 25, Hamilton County, OH",14000US39061002500
2016,2016,0,Total,32100,5578,"Census Tract 84, Hamilton County, OH",14000US39061008400
2016,2016,0,Total,29718,12337,"Census Tract 61, Hamilton County, OH",14000US39061006100
2016,2016,0,Total,13909,3227,"Census Tract 17, Hamilton County, OH",14000US39061001700
2016,2016,0,Total,49079,5117,"Census Tract 106, Hamilton County, OH",14000US39061010600
2016,2016,0,Total,44471,4836,"Census Tract 83, Hamilton County, OH",14000US39061008300
2016,2016,0,Total,35210,2868,"Census Tract 63, Hamilton County, OH",14000US39061006300
2016,2016,0,Total,39118,19380,"Census Tract 41, Hamilton County, OH",14000US39061004100
2016,2016,0,Total,11884,2098,"Census Tract 269, Hamilton County, OH",14000US39061026900
2016,2016,0,Total,35714,9709,"Census Tract 82.02, Hamilton County, OH",14000US39061008202
2016,2016,0,Total,25845,6164,"Census Tract 64, Hamilton County, OH",14000US39061006400
2016,2016,0,Total,33730,4836,"Census Tract 232.01, Hamilton County, OH",14000US39061023201
2016,2016,0,Total,36667,14044,"Census Tract 105, Hamilton County, OH",14000US39061010500
2016,2016,0,Total,39266,8696,"Census Tract 82.01, Hamilton County, OH",14000US39061008201
2016,2016,0,Total,50536,15532,"Census Tract 65, Hamilton County, OH",14000US39061006500
2016,2016,0,Total,53421,4925,"Census Tract 42, Hamilton County, OH",14000US39061004200
2016,2016,0,Total,26427,3545,"Census Tract 26, Hamilton County, OH",14000US39061002600
2016,2016,0,Total,31364,14130,"Census Tract 81, Hamilton County, OH",14000US39061008100
2016,2016,0,Total,22633,5288,"Census Tract 66, Hamilton County, OH",14000US39061006600
2016,2016,0,Total,46027,9890,"Census Tract 10, Hamilton County, OH",14000US39061001000
2016,2016,0,Total,33967,3767,"Census Tract 104, Hamilton County, OH",14000US39061010400
2016,2016,0,Total,10245,1939,"Census Tract 80, Hamilton County, OH",14000US39061008000
2016,2016,0,Total,22564,6044,"Census Tract 68, Hamilton County, OH",14000US39061006800
2016,2016,0,Total,124167,52285,"Census Tract 45, Hamilton County, OH",14000US39061004500
2016,2016,0,Total,64554,18981,"Census Tract 265, Hamilton County, OH",14000US39061026500
2016,2016,0,Total,35089,7598,"Census Tract 79, Hamilton County, OH",14000US39061007900
2016,2016,0,Total,27618,4912,"Census Tract 69, Hamilton County, OH",14000US39061006900
2016,2016,0,Total,51912,12429,"Census Tract 222, Hamilton County, OH",14000US39061022200
2016,2016,0,Total,23382,5507,"Census Tract 103, Hamilton County, OH",14000US39061010300
2016,2016,0,Total,41667,12185,"Census Tract 78, Hamilton County, OH",14000US39061007800
2016,2016,0,Total,37391,8131,"Census Tract 70, Hamilton County, OH",14000US39061007000
2016,2016,0,Total,57610,14860,"Census Tract 46.02, Hamilton County, OH",14000US39061004602
2016,2016,0,Total,34402,5889,"Census Tract 27, Hamilton County, OH",14000US39061002700
2016,2016,0,Total,13297,4592,"Census Tract 77, Hamilton County, OH",14000US39061007700
2016,2016,0,Total,41926,6480,"Census Tract 71, Hamilton County, OH",14000US39061007100
2016,2016,0,Total,54286,9248,"Census Tract 18, Hamilton County, OH",14000US39061001800
2016,2016,0,Total,49500,7255,"Census Tract 102.02, Hamilton County, OH",14000US39061010202
2016,2016,0,Total,46813,4529,"Census Tract 75, Hamilton County, OH",14000US39061007500
2016,2016,0,Total,43200,3632,"Census Tract 72, Hamilton County, OH",14000US39061007200
2016,2016,0,Total,61719,14127,"Census Tract 46.03, Hamilton County, OH",14000US39061004603
2016,2016,0,Total,20096,6670,"Census Tract 272, Hamilton County, OH",14000US39061027200
2016,2016,0,Total,44429,5934,"Census Tract 74, Hamilton County, OH",14000US39061007400
2016,2016,0,Total,43029,5441,"Census Tract 73, Hamilton County, OH",14000US39061007300
2016,2016,0,Total,63036,8821,"Census Tract 221.02, Hamilton County, OH",14000US39061022102
2017,2017,0,Total,29985,7052,"Census Tract 102.01, Hamilton County, OH",14000US39061010201
2017,2017,0,Total,19107,6218,"Census Tract 272, Hamilton County, OH",14000US39061027200
2017,2017,0,Total,15805,6950,"Census Tract 271, Hamilton County, OH",14000US39061027100
2017,2017,0,Total,65724,11494,"Census Tract 7, Hamilton County, OH",14000US39061000700
2017,2017,0,Total,10759,3645,"Census Tract 270, Hamilton County, OH",14000US39061027000
2017,2017,0,Total,32841,27460,"Census Tract 9, Hamilton County, OH",14000US39061000900
2017,2017,0,Total,13571,3610,"Census Tract 269, Hamilton County, OH",14000US39061026900
2017,2017,0,Total,52386,7197,"Census Tract 10, Hamilton County, OH",14000US39061001000
2017,2017,0,Total,83233,20232,"Census Tract 268, Hamilton County, OH",14000US39061026800
2017,2017,0,Total,31544,17930,"Census Tract 11, Hamilton County, OH",14000US39061001100
2017,2017,0,Total,13958,3738,"Census Tract 267, Hamilton County, OH",14000US39061026700
2017,2017,0,Total,16641,9761,"Census Tract 16, Hamilton County, OH",14000US39061001600
2017,2017,0,Total,70250,13710,"Census Tract 266, Hamilton County, OH",14000US39061026600
2017,2017,0,Total,15052,7286,"Census Tract 17, Hamilton County, OH",14000US39061001700
2017,2017,0,Total,66771,23871,"Census Tract 265, Hamilton County, OH",14000US39061026500
2017,2017,0,Total,56696,18401,"Census Tract 18, Hamilton County, OH",14000US39061001800
2017,2017,0,Total,23125,5740,"Census Tract 264, Hamilton County, OH",14000US39061026400
2017,2017,0,Total,58413,12743,"Census Tract 19, Hamilton County, OH",14000US39061001900
2017,2017,0,Total,13580,7048,"Census Tract 263, Hamilton County, OH",14000US39061026300
2017,2017,0,Total,64583,6796,"Census Tract 20, Hamilton County, OH",14000US39061002000
2017,2017,0,Total,82868,10090,"Census Tract 250.01, Hamilton County, OH",14000US39061025001
2017,2017,0,Total,25307,5006,"Census Tract 22, Hamilton County, OH",14000US39061002200
2017,2017,0,Total,167946,25344,"Census Tract 244, Hamilton County, OH",14000US39061024400
2017,2017,0,Total,28728,5030,"Census Tract 23, Hamilton County, OH",14000US39061002300
2017,2017,0,Total,82222,25961,"Census Tract 242, Hamilton County, OH",14000US39061024200
2017,2017,0,Total,25745,3173,"Census Tract 25, Hamilton County, OH",14000US39061002500
2017,2017,0,Total,39735,8806,"Census Tract 232.01, Hamilton County, OH",14000US39061023201
2017,2017,0,Total,28750,3898,"Census Tract 26, Hamilton County, OH",14000US39061002600
2017,2017,0,Total,56321,12997,"Census Tract 222, Hamilton County, OH",14000US39061022200
2017,2017,0,Total,34375,6321,"Census Tract 27, Hamilton County, OH",14000US39061002700
2017,2017,0,Total,64831,6361,"Census Tract 221.02, Hamilton County, OH",14000US39061022102
2017,2017,0,Total,38073,5717,"Census Tract 28, Hamilton County, OH",14000US39061002800
2017,2017,0,Total,38964,9242,"Census Tract 214.01, Hamilton County, OH",14000US39061021401
2017,2017,0,Total,21016,8024,"Census Tract 29, Hamilton County, OH",14000US39061002900
2017,2017,0,Total,78301,13189,"Census Tract 212.02, Hamilton County, OH",14000US39061021202
2017,2017,0,Total,21750,5762,"Census Tract 30, Hamilton County, OH",14000US39061003000
2017,2017,0,Total,45556,7911,"Census Tract 209.01, Hamilton County, OH",14000US39061020901
2017,2017,0,Total,25863,4315,"Census Tract 32, Hamilton County, OH",14000US39061003200
2017,2017,0,Total,64904,12073,"Census Tract 208.11, Hamilton County, OH",14000US39061020811
2017,2017,0,Total,21793,7009,"Census Tract 33, Hamilton County, OH",14000US39061003300
2017,2017,0,Total,56620,12315,"Census Tract 111, Hamilton County, OH",14000US39061011100
2017,2017,0,Total,10559,3025,"Census Tract 36, Hamilton County, OH",14000US39061003600
2017,2017,0,Total,29614,7208,"Census Tract 110, Hamilton County, OH",14000US39061011000
2017,2017,0,Total,9913,1980,"Census Tract 37, Hamilton County, OH",14000US39061003700
2017,2017,0,Total,35145,2872,"Census Tract 109, Hamilton County, OH",14000US39061010900
2017,2017,0,Total,22788,9473,"Census Tract 38, Hamilton County, OH",14000US39061003800
2017,2017,0,Total,46607,11740,"Census Tract 108, Hamilton County, OH",14000US39061010800
2017,2017,0,Total,22566,8755,"Census Tract 39, Hamilton County, OH",14000US39061003900
2017,2017,0,Total,43398,6609,"Census Tract 107, Hamilton County, OH",14000US39061010700
2017,2017,0,Total,42949,6844,"Census Tract 40, Hamilton County, OH",14000US39061004000
2017,2017,0,Total,52450,11230,"Census Tract 106, Hamilton County, OH",14000US39061010600
2017,2017,0,Total,59643,21315,"Census Tract 41, Hamilton County, OH",14000US39061004100
2017,2017,0,Total,38088,11262,"Census Tract 105, Hamilton County, OH",14000US39061010500
2017,2017,0,Total,53056,5130,"Census Tract 42, Hamilton County, OH",14000US39061004200
2017,2017,0,Total,35000,5230,"Census Tract 104, Hamilton County, OH",14000US39061010400
2017,2017,0,Total,92167,42430,"Census Tract 45, Hamilton County, OH",14000US39061004500
2017,2017,0,Total,27188,11288,"Census Tract 103, Hamilton County, OH",14000US39061010300
2017,2017,0,Total,49063,11070,"Census Tract 46.02, Hamilton County, OH",14000US39061004602
2017,2017,0,Total,56458,11162,"Census Tract 102.02, Hamilton County, OH",14000US39061010202
2017,2017,0,Total,66556,7843,"Census Tract 46.03, Hamilton County, OH",14000US39061004603
2017,2017,0,Total,18883,2785,"Census Tract 2, Hamilton County, OH",14000US39061000200
2017,2017,0,Total,51431,6054,"Census Tract 46.04, Hamilton County, OH",14000US39061004604
2017,2017,0,Total,37884,5960,"Census Tract 101, Hamilton County, OH",14000US39061010100
2017,2017,0,Total,58650,5608,"Census Tract 46.05, Hamilton County, OH",14000US39061004605
2017,2017,0,Total,53500,17701,"Census Tract 100.05, Hamilton County, OH",14000US39061010005
2017,2017,0,Total,95488,8177,"Census Tract 47.01, Hamilton County, OH",14000US39061004701
2017,2017,0,Total,26393,3236,"Census Tract 100.04, Hamilton County, OH",14000US39061010004
2017,2017,0,Total,38646,6563,"Census Tract 47.02, Hamilton County, OH",14000US39061004702
2017,2017,0,Total,32705,4814,"Census Tract 100.03, Hamilton County, OH",14000US39061010003
2017,2017,0,Total,119470,12258,"Census Tract 48, Hamilton County, OH",14000US39061004800
2017,2017,0,Total,25079,4555,"Census Tract 100.02, Hamilton County, OH",14000US39061010002
2017,2017,0,Total,94868,23715,"Census Tract 49, Hamilton County, OH",14000US39061004900
2017,2017,0,Total,32250,7796,"Census Tract 99.02, Hamilton County, OH",14000US39061009902
2017,2017,0,Total,69000,5181,"Census Tract 50, Hamilton County, OH",14000US39061005000
2017,2017,0,Total,51124,5909,"Census Tract 99.01, Hamilton County, OH",14000US39061009901
2017,2017,0,Total,94145,21769,"Census Tract 51, Hamilton County, OH",14000US39061005100
2017,2017,0,Total,23803,7335,"Census Tract 98, Hamilton County, OH",14000US39061009800
2017,2017,0,Total,69318,19845,"Census Tract 52, Hamilton County, OH",14000US39061005200
2017,2017,0,Total,29302,10308,"Census Tract 97, Hamilton County, OH",14000US39061009700
2017,2017,0,Total,56563,11666,"Census Tract 53.01, Hamilton County, OH",14000US39061005301
2017,2017,0,Total,36417,4396,"Census Tract 96, Hamilton County, OH",14000US39061009600
2017,2017,0,Total,66250,20962,"Census Tract 53.02, Hamilton County, OH",14000US39061005302
2017,2017,0,Total,30344,4431,"Census Tract 95, Hamilton County, OH",14000US39061009500
2017,2017,0,Total,58654,20007,"Census Tract 54, Hamilton County, OH",14000US39061005400
2017,2017,0,Total,24871,5595,"Census Tract 94, Hamilton County, OH",14000US39061009400
2017,2017,0,Total,37052,3651,"Census Tract 55, Hamilton County, OH",14000US39061005500
2017,2017,0,Total,26447,10781,"Census Tract 93, Hamilton County, OH",14000US39061009300
2017,2017,0,Total,46105,9185,"Census Tract 56, Hamilton County, OH",14000US39061005600
2017,2017,0,Total,23899,7931,"Census Tract 92, Hamilton County, OH",14000US39061009200
2017,2017,0,Total,52688,9519,"Census Tract 57.01, Hamilton County, OH",14000US39061005701
2017,2017,0,Total,21466,3271,"Census Tract 88, Hamilton County, OH",14000US39061008800
2017,2017,0,Total,60748,6535,"Census Tract 57.02, Hamilton County, OH",14000US39061005702
2017,2017,0,Total,16837,5741,"Census Tract 86.01, Hamilton County, OH",14000US39061008601
2017,2017,0,Total,38971,9533,"Census Tract 58, Hamilton County, OH",14000US39061005800
2017,2017,0,Total,7044,1515,"Census Tract 85.02, Hamilton County, OH",14000US39061008502
2017,2017,0,Total,47734,6017,"Census Tract 59, Hamilton County, OH",14000US39061005900
2017,2017,0,Total,18326,3625,"Census Tract 85.01, Hamilton County, OH",14000US39061008501
2017,2017,0,Total,34888,8559,"Census Tract 60, Hamilton County, OH",14000US39061006000
2017,2017,0,Total,31875,8558,"Census Tract 84, Hamilton County, OH",14000US39061008400
2017,2017,0,Total,31726,15766,"Census Tract 61, Hamilton County, OH",14000US39061006100
2017,2017,0,Total,45969,15332,"Census Tract 83, Hamilton County, OH",14000US39061008300
2017,2017,0,Total,36556,4370,"Census Tract 63, Hamilton County, OH",14000US39061006300
2017,2017,0,Total,44635,9595,"Census Tract 82.02, Hamilton County, OH",14000US39061008202
2017,2017,0,Total,30748,3579,"Census Tract 64, Hamilton County, OH",14000US39061006400
2017,2017,0,Total,42595,6870,"Census Tract 82.01, Hamilton County, OH",14000US39061008201
2017,2017,0,Total,46462,20601,"Census Tract 65, Hamilton County, OH",14000US39061006500
2017,2017,0,Total,30526,11026,"Census Tract 81, Hamilton County, OH",14000US39061008100
2017,2017,0,Total,21682,6802,"Census Tract 66, Hamilton County, OH",14000US39061006600
2017,2017,0,Total,11600,2179,"Census Tract 80, Hamilton County, OH",14000US39061008000
2017,2017,0,Total,16667,8638,"Census Tract 68, Hamilton County, OH",14000US39061006800
2017,2017,0,Total,33083,11801,"Census Tract 79, Hamilton County, OH",14000US39061007900
2017,2017,0,Total,22325,6404,"Census Tract 69, Hamilton County, OH",14000US39061006900
2017,2017,0,Total,38571,8808,"Census Tract 78, Hamilton County, OH",14000US39061007800
2017,2017,0,Total,41940,5643,"Census Tract 70, Hamilton County, OH",14000US39061007000
2017,2017,0,Total,12395,2854,"Census Tract 77, Hamilton County, OH",14000US39061007700
2017,2017,0,Total,40313,3448,"Census Tract 71, Hamilton County, OH",14000US39061007100
2017,2017,0,Total,47647,4815,"Census Tract 75, Hamilton County, OH",14000US39061007500
2017,2017,0,Total,48542,4619,"Census Tract 72, Hamilton County, OH",14000US39061007200
2017,2017,0,Total,48750,5974,"Census Tract 74, Hamilton County, OH",14000US39061007400
2017,2017,0,Total,43450,4945,"Census Tract 73, Hamilton County, OH",14000US39061007300
2018,2018,0,Total,37759.244,5882.901,"Census Tract 102.01, Hamilton County, OH",14000US39061010201
2018,2018,0,Total,19549.524,4424.879,"Census Tract 272, Hamilton County, OH",14000US39061027200
2018,2018,0,Total,13272.563,3035.299,"Census Tract 271, Hamilton County, OH",14000US39061027100
2018,2018,0,Total,20910.068,5352.994,"Census Tract 7, Hamilton County, OH",14000US39061000700
2018,2018,0,Total,24013.809,5728.388,"Census Tract 270, Hamilton County, OH",14000US39061027000
2018,2018,0,Total,32616.761,8977.309,"Census Tract 9, Hamilton County, OH",14000US39061000900
2018,2018,0,Total,43191.05,5879.79,"Census Tract 269, Hamilton County, OH",14000US39061026900
2018,2018,0,Total,34383.809,3207.441,"Census Tract 10, Hamilton County, OH",14000US39061001000
2018,2018,0,Total,48661.225,11524.181,"Census Tract 268, Hamilton County, OH",14000US39061026800
2018,2018,0,Total,98155.161,13103.532,"Census Tract 11, Hamilton County, OH",14000US39061001100
2018,2018,0,Total,23591.75,2921.229,"Census Tract 267, Hamilton County, OH",14000US39061026700
2018,2018,0,Total,37520.734,7276.629,"Census Tract 16, Hamilton County, OH",14000US39061001600
2018,2018,0,Total,61159.149,17756.551,"Census Tract 266, Hamilton County, OH",14000US39061026600
2018,2018,0,Total,34746.759,9324.704,"Census Tract 17, Hamilton County, OH",14000US39061001700
2018,2018,0,Total,22291.352,6187.779,"Census Tract 265, Hamilton County, OH",14000US39061026500
2018,2018,0,Total,55195.362,6987.306,"Census Tract 18, Hamilton County, OH",14000US39061001800
2018,2018,0,Total,28572.461,3291.438,"Census Tract 264, Hamilton County, OH",14000US39061026400
2018,2018,0,Total,43673.255,7695.577,"Census Tract 19, Hamilton County, OH",14000US39061001900
2018,2018,0,Total,37491.698,9433.589,"Census Tract 263, Hamilton County, OH",14000US39061026300
2018,2018,0,Total,29732.864,7643.727,"Census Tract 20, Hamilton County, OH",14000US39061002000
2018,2018,0,Total,45242.236,5924.381,"Census Tract 250.01, Hamilton County, OH",14000US39061025001
2018,2018,0,Total,42884.098,6724.945,"Census Tract 22, Hamilton County, OH",14000US39061002200
2018,2018,0,Total,8831.092,1946.449,"Census Tract 244, Hamilton County, OH",14000US39061024400
2018,2018,0,Total,33020.154,6521.693,"Census Tract 23, Hamilton County, OH",14000US39061002300
2018,2018,0,Total,64598.878,12635.845,"Census Tract 242, Hamilton County, OH",14000US39061024200
2018,2018,0,Total,48016.211,7480.918,"Census Tract 25, Hamilton County, OH",14000US39061002500
2018,2018,0,Total,26607.346,3548.614,"Census Tract 232.01, Hamilton County, OH",14000US39061023201
2018,2018,0,Total,10215.487,2372.656,"Census Tract 26, Hamilton County, OH",14000US39061002600
2018,2018,0,Total,11407,3339.14,"Census Tract 222, Hamilton County, OH",14000US39061022200
2018,2018,0,Total,42195.53,14502.445,"Census Tract 27, Hamilton County, OH",14000US39061002700
2018,2018,0,Total,57035,13777.582,"Census Tract 221.02, Hamilton County, OH",14000US39061022102
2018,2018,0,Total,31584.946,6818.275,"Census Tract 28, Hamilton County, OH",14000US39061002800
2018,2018,0,Total,56427.318,10066.159,"Census Tract 214.01, Hamilton County, OH",14000US39061021401
2018,2018,0,Total,17859.214,2821.677,"Census Tract 29, Hamilton County, OH",14000US39061002900
2018,2018,0,Total,33159.112,11393.519,"Census Tract 212.02, Hamilton County, OH",14000US39061021202
2018,2018,0,Total,58979.375,15045.833,"Census Tract 30, Hamilton County, OH",14000US39061003000
2018,2018,0,Total,13287.081,6013.563,"Census Tract 209.01, Hamilton County, OH",14000US39061020901
2018,2018,0,Total,138142.918,74596.595,"Census Tract 32, Hamilton County, OH",14000US39061003200
2018,2018,0,Total,36000.492,2145.553,"Census Tract 208.11, Hamilton County, OH",14000US39061020811
2018,2018,0,Total,110737.082,10848.057,"Census Tract 33, Hamilton County, OH",14000US39061003300
2018,2018,0,Total,53375.427,5735.647,"Census Tract 111, Hamilton County, OH",14000US39061011100
2018,2018,0,Total,23116.804,15419.153,"Census Tract 36, Hamilton County, OH",14000US39061003600
2018,2018,0,Total,43868.211,2610.129,"Census Tract 110, Hamilton County, OH",14000US39061011000
2018,2018,0,Total,43611.035,6574.58,"Census Tract 37, Hamilton County, OH",14000US39061003700
2018,2018,0,Total,27487.759,4181.184,"Census Tract 109, Hamilton County, OH",14000US39061010900
2018,2018,0,Total,60367.918,5792.682,"Census Tract 38, Hamilton County, OH",14000US39061003800
2018,2018,0,Total,24756.301,5958.602,"Census Tract 108, Hamilton County, OH",14000US39061010800
2018,2018,0,Total,20253.647,9477.143,"Census Tract 39, Hamilton County, OH",14000US39061003900
2018,2018,0,Total,21784.259,4415.546,"Census Tract 107, Hamilton County, OH",14000US39061010700
2018,2018,0,Total,26843.782,5964.824,"Census Tract 40, Hamilton County, OH",14000US39061004000
2018,2018,0,Total,34594.32,3295.586,"Census Tract 106, Hamilton County, OH",14000US39061010600
2018,2018,0,Total,39136.38,4155.259,"Census Tract 41, Hamilton County, OH",14000US39061004100
2018,2018,0,Total,27926.41,4060.892,"Census Tract 105, Hamilton County, OH",14000US39061010500
2018,2018,0,Total,81743.599,12631.697,"Census Tract 42, Hamilton County, OH",14000US39061004200
2018,2018,0,Total,18626.594,6482.287,"Census Tract 104, Hamilton County, OH",14000US39061010400
2018,2018,0,Total,94496.625,16574.371,"Census Tract 45, Hamilton County, OH",14000US39061004500
2018,2018,0,Total,47261.275,11271.153,"Census Tract 103, Hamilton County, OH",14000US39061010300
2018,2018,0,Total,30385.137,2780.197,"Census Tract 46.02, Hamilton County, OH",14000US39061004602
2018,2018,0,Total,41139.864,7898.829,"Census Tract 102.02, Hamilton County, OH",14000US39061010202
2018,2018,0,Total,57078.554,12432.593,"Census Tract 46.03, Hamilton County, OH",14000US39061004603
2018,2018,0,Total,169742.382,21641.153,"Census Tract 2, Hamilton County, OH",14000US39061000200
2018,2018,0,Total,45657.036,14394.597,"Census Tract 46.04, Hamilton County, OH",14000US39061004604
2018,2018,0,Total,32406.25,8642.358,"Census Tract 101, Hamilton County, OH",14000US39061010100
2018,2018,0,Total,43462.744,14808.36,"Census Tract 46.05, Hamilton County, OH",14000US39061004605
2018,2018,0,Total,30412.099,8963.828,"Census Tract 100.05, Hamilton County, OH",14000US39061010005
2018,2018,0,Total,80242.023,8593.619,"Census Tract 47.01, Hamilton County, OH",14000US39061004701
2018,2018,0,Total,31628.5,14772.065,"Census Tract 100.04, Hamilton County, OH",14000US39061010004
2018,2018,0,Total,61183,10922.721,"Census Tract 47.02, Hamilton County, OH",14000US39061004702
2018,2018,0,Total,52705.525,4066.077,"Census Tract 100.03, Hamilton County, OH",14000US39061010003
2018,2018,0,Total,38232.116,5675.501,"Census Tract 48, Hamilton County, OH",14000US39061004800
2018,2018,0,Total,14814.582,8601.915,"Census Tract 100.02, Hamilton County, OH",14000US39061010002
2018,2018,0,Total,73538.855,11089.678,"Census Tract 49, Hamilton County, OH",14000US39061004900
2018,2018,0,Total,26573.125,10496.514,"Census Tract 99.02, Hamilton County, OH",14000US39061009902
2018,2018,0,Total,18784.218,2815.455,"Census Tract 50, Hamilton County, OH",14000US39061005000
2018,2018,0,Total,41363.856,9306.038,"Census Tract 99.01, Hamilton County, OH",14000US39061009901
2018,2018,0,Total,13208.269,2624.647,"Census Tract 51, Hamilton County, OH",14000US39061005100
2018,2018,0,Total,30844.528,4740.127,"Census Tract 98, Hamilton County, OH",14000US39061009800
2018,2018,0,Total,74009.653,24058.4,"Census Tract 52, Hamilton County, OH",14000US39061005200
2018,2018,0,Total,59286.327,14002.611,"Census Tract 97, Hamilton County, OH",14000US39061009700
2018,2018,0,Total,48208.056,7503.732,"Census Tract 53.01, Hamilton County, OH",14000US39061005301
2018,2018,0,Total,38887.5,12414.964,"Census Tract 96, Hamilton County, OH",14000US39061009600
2018,2018,0,Total,8488.882,1987.929,"Census Tract 53.02, Hamilton County, OH",14000US39061005302
2018,2018,0,Total,51450.755,7303.591,"Census Tract 95, Hamilton County, OH",14000US39061009500
2018,2018,0,Total,16910.359,7240.334,"Census Tract 54, Hamilton County, OH",14000US39061005400
2018,2018,0,Total,39974.276,9129.748,"Census Tract 94, Hamilton County, OH",14000US39061009400
2018,2018,0,Total,57932.005,27275.174,"Census Tract 55, Hamilton County, OH",14000US39061005500
2018,2018,0,Total,94016.494,21654.634,"Census Tract 93, Hamilton County, OH",14000US39061009300
2018,2018,0,Total,30870.453,6920.938,"Census Tract 56, Hamilton County, OH",14000US39061005600
2018,2018,0,Total,24336.316,9434.626,"Census Tract 92, Hamilton County, OH",14000US39061009200
2018,2018,0,Total,16486.226,2797.826,"Census Tract 57.01, Hamilton County, OH",14000US39061005701
2018,2018,0,Total,17245.31,4549.319,"Census Tract 88, Hamilton County, OH",14000US39061008800
2018,2018,0,Total,15352.785,3245.81,"Census Tract 57.02, Hamilton County, OH",14000US39061005702
2018,2018,0,Total,56948.929,8603.989,"Census Tract 86.01, Hamilton County, OH",14000US39061008601
2018,2018,0,Total,32180.184,2814.418,"Census Tract 58, Hamilton County, OH",14000US39061005800
2018,2018,0,Total,41273.637,5318.773,"Census Tract 85.02, Hamilton County, OH",14000US39061008502
2018,2018,0,Total,97959.168,16078.685,"Census Tract 59, Hamilton County, OH",14000US39061005900
2018,2018,0,Total,59465.728,14801.101,"Census Tract 85.01, Hamilton County, OH",14000US39061008501
2018,2018,0,Total,19794.256,7359.589,"Census Tract 60, Hamilton County, OH",14000US39061006000
2018,2018,0,Total,36943.125,9972.829,"Census Tract 84, Hamilton County, OH",14000US39061008400
2018,2018,0,Total,65324.778,14286.749,"Census Tract 61, Hamilton County, OH",14000US39061006100
2018,2018,0,Total,10596.066,2396.507,"Census Tract 83, Hamilton County, OH",14000US39061008300
2018,2018,0,Total,36840.462,15864.026,"Census Tract 63, Hamilton County, OH",14000US39061006300
2018,2018,0,Total,22184.541,8638.21,"Census Tract 82.02, Hamilton County, OH",14000US39061008202
2018,2018,0,Total,38650.027,8093.785,"Census Tract 64, Hamilton County, OH",14000US39061006400
2018,2018,0,Total,22238.465,5314.625,"Census Tract 82.01, Hamilton County, OH",14000US39061008201
2018,2018,0,Total,12692.88,2487.763,"Census Tract 65, Hamilton County, OH",14000US39061006500
2018,2018,0,Total,12074.828,1069.147,"Census Tract 81, Hamilton County, OH",14000US39061008100
2018,2018,0,Total,58372.73,10509.995,"Census Tract 66, Hamilton County, OH",14000US39061006600
2018,2018,0,Total,19703,8192.3,"Census Tract 80, Hamilton County, OH",14000US39061008000
2018,2018,0,Total,53222.988,4750.497,"Census Tract 68, Hamilton County, OH",14000US39061006800
2018,2018,0,Total,20184.168,3245.81,"Census Tract 79, Hamilton County, OH",14000US39061007900
2018,2018,0,Total,49527.12,8838.351,"Census Tract 69, Hamilton County, OH",14000US39061006900
2018,2018,0,Total,27073.996,4702.795,"Census Tract 78, Hamilton County, OH",14000US39061007800
2018,2018,0,Total,52446.275,7533.805,"Census Tract 70, Hamilton County, OH",14000US39061007000
2018,2018,0,Total,40961.5,19764.183,"Census Tract 77, Hamilton County, OH",14000US39061007700
2018,2018,0,Total,19721.666,6037.414,"Census Tract 71, Hamilton County, OH",14000US39061007100
2018,2018,0,Total,31863.899,8308.444,"Census Tract 75, Hamilton County, OH",14000US39061007500
2018,2018,0,Total,28517.5,8639.247,"Census Tract 72, Hamilton County, OH",14000US39061007200
2018,2018,0,Total,37850.5,20180.02,"Census Tract 74, Hamilton County, OH",14000US39061007400
2018,2018,0,Total,30276.252,8354.072,"Census Tract 73, Hamilton County, OH",14000US39061007300
2019,2019,0,Total,39543.432,6160.878,"Census Tract 102.01, Hamilton County, OH",14000US39061010201
2019,2019,0,Total,20473.272,4633.962,"Census Tract 272, Hamilton County, OH",14000US39061027200
2019,2019,0,Total,13899.714,3178.722,"Census Tract 271, Hamilton County, OH",14000US39061027100
2019,2019,0,Total,21898.104,5605.932,"Census Tract 7, Hamilton County, OH",14000US39061000700
2019,2019,0,Total,25148.502,5999.064,"Census Tract 270, Hamilton County, OH",14000US39061027000
2019,2019,0,Total,34157.958,9401.502,"Census Tract 9, Hamilton County, OH",14000US39061000900
2019,2019,0,Total,45231.9,6157.62,"Census Tract 269, Hamilton County, OH",14000US39061026900
2019,2019,0,Total,36008.502,3358.998,"Census Tract 10, Hamilton County, OH",14000US39061001000
2019,2019,0,Total,50960.55,12068.718,"Census Tract 268, Hamilton County, OH",14000US39061026800
2019,2019,0,Total,102793.158,13722.696,"Census Tract 11, Hamilton County, OH",14000US39061001100
2019,2019,0,Total,24706.5,3059.262,"Census Tract 267, Hamilton County, OH",14000US39061026700
2019,2019,0,Total,39293.652,7620.462,"Census Tract 16, Hamilton County, OH",14000US39061001600
2019,2019,0,Total,64049.022,18595.578,"Census Tract 266, Hamilton County, OH",14000US39061026600
2019,2019,0,Total,36388.602,9765.312,"Census Tract 17, Hamilton County, OH",14000US39061001700
2019,2019,0,Total,23344.656,6480.162,"Census Tract 265, Hamilton County, OH",14000US39061026500
2019,2019,0,Total,57803.436,7317.468,"Census Tract 18, Hamilton County, OH",14000US39061001800
2019,2019,0,Total,29922.558,3446.964,"Census Tract 264, Hamilton County, OH",14000US39061026400
2019,2019,0,Total,45736.89,8059.206,"Census Tract 19, Hamilton County, OH",14000US39061001900
2019,2019,0,Total,39263.244,9879.342,"Census Tract 263, Hamilton County, OH",14000US39061026300
2019,2019,0,Total,31137.792,8004.906,"Census Tract 20, Hamilton County, OH",14000US39061002000
2019,2019,0,Total,47380.008,6204.318,"Census Tract 250.01, Hamilton County, OH",14000US39061025001
2019,2019,0,Total,44910.444,7042.71,"Census Tract 22, Hamilton County, OH",14000US39061002200
2019,2019,0,Total,9248.376,2038.422,"Census Tract 244, Hamilton County, OH",14000US39061024400
2019,2019,0,Total,34580.412,6829.854,"Census Tract 23, Hamilton County, OH",14000US39061002300
2019,2019,0,Total,67651.284,13232.91,"Census Tract 242, Hamilton County, OH",14000US39061024200
2019,2019,0,Total,50285.058,7834.404,"Census Tract 25, Hamilton County, OH",14000US39061002500
2019,2019,0,Total,27864.588,3716.292,"Census Tract 232.01, Hamilton County, OH",14000US39061023201
2019,2019,0,Total,10698.186,2484.768,"Census Tract 26, Hamilton County, OH",14000US39061002600
2019,2019,0,Total,11946,3496.92,"Census Tract 222, Hamilton County, OH",14000US39061022200
2019,2019,0,Total,44189.34,15187.71,"Census Tract 27, Hamilton County, OH",14000US39061002700
2019,2019,0,Total,59730,14428.596,"Census Tract 221.02, Hamilton County, OH",14000US39061022102
2019,2019,0,Total,33077.388,7140.45,"Census Tract 28, Hamilton County, OH",14000US39061002800
2019,2019,0,Total,59093.604,10541.802,"Census Tract 214.01, Hamilton County, OH",14000US39061021401
2019,2019,0,Total,18703.092,2955.006,"Census Tract 29, Hamilton County, OH",14000US39061002900
2019,2019,0,Total,34725.936,11931.882,"Census Tract 212.02, Hamilton County, OH",14000US39061021202
2019,2019,0,Total,61766.25,15756.774,"Census Tract 30, Hamilton County, OH",14000US39061003000
2019,2019,0,Total,13914.918,6297.714,"Census Tract 209.01, Hamilton County, OH",14000US39061020901
2019,2019,0,Total,144670.404,78121.41,"Census Tract 32, Hamilton County, OH",14000US39061003200
2019,2019,0,Total,37701.576,2246.934,"Census Tract 208.11, Hamilton County, OH",14000US39061020811
2019,2019,0,Total,115969.596,11360.646,"Census Tract 33, Hamilton County, OH",14000US39061003300
2019,2019,0,Total,55897.506,6006.666,"Census Tract 111, Hamilton County, OH",14000US39061011100
2019,2019,0,Total,24209.112,16147.734,"Census Tract 36, Hamilton County, OH",14000US39061003600
2019,2019,0,Total,45941.058,2733.462,"Census Tract 110, Hamilton County, OH",14000US39061011000
2019,2019,0,Total,45671.73,6885.24,"Census Tract 37, Hamilton County, OH",14000US39061003700
2019,2019,0,Total,28786.602,4378.752,"Census Tract 109, Hamilton County, OH",14000US39061010900
2019,2019,0,Total,63220.404,6066.396,"Census Tract 38, Hamilton County, OH",14000US39061003800
2019,2019,0,Total,25926.078,6240.156,"Census Tract 108, Hamilton County, OH",14000US39061010800
2019,2019,0,Total,21210.666,9924.954,"Census Tract 39, Hamilton County, OH",14000US39061003900
2019,2019,0,Total,22813.602,4624.188,"Census Tract 107, Hamilton County, OH",14000US39061010700
2019,2019,0,Total,28112.196,6246.672,"Census Tract 40, Hamilton County, OH",14000US39061004000
2019,2019,0,Total,36228.96,3451.308,"Census Tract 106, Hamilton County, OH",14000US39061010600
2019,2019,0,Total,40985.64,4351.602,"Census Tract 41, Hamilton County, OH",14000US39061004100
2019,2019,0,Total,29245.98,4252.776,"Census Tract 105, Hamilton County, OH",14000US39061010500
2019,2019,0,Total,85606.122,13228.566,"Census Tract 42, Hamilton County, OH",14000US39061004200
2019,2019,0,Total,19506.732,6788.586,"Census Tract 104, Hamilton County, OH",14000US39061010400
2019,2019,0,Total,98961.75,17357.538,"Census Tract 45, Hamilton County, OH",14000US39061004500
2019,2019,0,Total,49494.45,11803.734,"Census Tract 103, Hamilton County, OH",14000US39061010300
2019,2019,0,Total,31820.886,2911.566,"Census Tract 46.02, Hamilton County, OH",14000US39061004602
2019,2019,0,Total,43083.792,8272.062,"Census Tract 102.02, Hamilton County, OH",14000US39061010202
2019,2019,0,Total,59775.612,13020.054,"Census Tract 46.03, Hamilton County, OH",14000US39061004603
2019,2019,0,Total,177762.996,22663.734,"Census Tract 2, Hamilton County, OH",14000US39061000200
2019,2019,0,Total,47814.408,15074.766,"Census Tract 46.04, Hamilton County, OH",14000US39061004604
2019,2019,0,Total,33937.5,9050.724,"Census Tract 101, Hamilton County, OH",14000US39061010100
2019,2019,0,Total,45516.432,15508.08,"Census Tract 46.05, Hamilton County, OH",14000US39061004605
2019,2019,0,Total,31849.122,9387.384,"Census Tract 100.05, Hamilton County, OH",14000US39061010005
2019,2019,0,Total,84033.594,8999.682,"Census Tract 47.01, Hamilton County, OH",14000US39061004701
2019,2019,0,Total,33123,15470.07,"Census Tract 100.04, Hamilton County, OH",14000US39061010004
2019,2019,0,Total,64074,11438.838,"Census Tract 47.02, Hamilton County, OH",14000US39061004702
2019,2019,0,Total,55195.95,4258.206,"Census Tract 100.03, Hamilton County, OH",14000US39061010003
2019,2019,0,Total,40038.648,5943.678,"Census Tract 48, Hamilton County, OH",14000US39061004800
2019,2019,0,Total,15514.596,9008.37,"Census Tract 100.02, Hamilton County, OH",14000US39061010002
2019,2019,0,Total,77013.69,11613.684,"Census Tract 49, Hamilton County, OH",14000US39061004900
2019,2019,0,Total,27828.75,10992.492,"Census Tract 99.02, Hamilton County, OH",14000US39061009902
2019,2019,0,Total,19671.804,2948.49,"Census Tract 50, Hamilton County, OH",14000US39061005000
2019,2019,0,Total,43318.368,9745.764,"Census Tract 99.01, Hamilton County, OH",14000US39061009901
2019,2019,0,Total,13832.382,2748.666,"Census Tract 51, Hamilton County, OH",14000US39061005100
2019,2019,0,Total,32301.984,4964.106,"Census Tract 98, Hamilton County, OH",14000US39061009800
2019,2019,0,Total,77506.734,25195.2,"Census Tract 52, Hamilton County, OH",14000US39061005200
2019,2019,0,Total,62087.706,14664.258,"Census Tract 97, Hamilton County, OH",14000US39061009700
2019,2019,0,Total,50485.968,7858.296,"Census Tract 53.01, Hamilton County, OH",14000US39061005301
2019,2019,0,Total,40725,13001.592,"Census Tract 96, Hamilton County, OH",14000US39061009600
2019,2019,0,Total,8889.996,2081.862,"Census Tract 53.02, Hamilton County, OH",14000US39061005302
2019,2019,0,Total,53881.89,7648.698,"Census Tract 95, Hamilton County, OH",14000US39061009500
2019,2019,0,Total,17709.402,7582.452,"Census Tract 54, Hamilton County, OH",14000US39061005400
2019,2019,0,Total,41863.128,9561.144,"Census Tract 94, Hamilton County, OH",14000US39061009400
2019,2019,0,Total,60669.39,28563.972,"Census Tract 55, Hamilton County, OH",14000US39061005500
2019,2019,0,Total,98458.932,22677.852,"Census Tract 93, Hamilton County, OH",14000US39061009300
2019,2019,0,Total,32329.134,7247.964,"Census Tract 56, Hamilton County, OH",14000US39061005600
2019,2019,0,Total,25486.248,9880.428,"Census Tract 92, Hamilton County, OH",14000US39061009200
2019,2019,0,Total,17265.228,2930.028,"Census Tract 57.01, Hamilton County, OH",14000US39061005701
2019,2019,0,Total,18060.18,4764.282,"Census Tract 88, Hamilton County, OH",14000US39061008800
2019,2019,0,Total,16078.23,3399.18,"Census Tract 57.02, Hamilton County, OH",14000US39061005702
2019,2019,0,Total,59639.862,9010.542,"Census Tract 86.01, Hamilton County, OH",14000US39061008601
2019,2019,0,Total,33700.752,2947.404,"Census Tract 58, Hamilton County, OH",14000US39061005800
2019,2019,0,Total,43223.886,5570.094,"Census Tract 85.02, Hamilton County, OH",14000US39061008502
2019,2019,0,Total,102587.904,16838.43,"Census Tract 59, Hamilton County, OH",14000US39061005900
2019,2019,0,Total,62275.584,15500.478,"Census Tract 85.01, Hamilton County, OH",14000US39061008501
2019,2019,0,Total,20729.568,7707.342,"Census Tract 60, Hamilton County, OH",14000US39061006000
2019,2019,0,Total,38688.75,10444.062,"Census Tract 84, Hamilton County, OH",14000US39061008400
2019,2019,0,Total,68411.484,14961.822,"Census Tract 61, Hamilton County, OH",14000US39061006100
2019,2019,0,Total,11096.748,2509.746,"Census Tract 83, Hamilton County, OH",14000US39061008300
2019,2019,0,Total,38581.236,16613.628,"Census Tract 63, Hamilton County, OH",14000US39061006300
2019,2019,0,Total,23232.798,9046.38,"Census Tract 82.02, Hamilton County, OH",14000US39061008202
2019,2019,0,Total,40476.306,8476.23,"Census Tract 64, Hamilton County, OH",14000US39061006400
2019,2019,0,Total,23289.27,5565.75,"Census Tract 82.01, Hamilton County, OH",14000US39061008201
2019,2019,0,Total,13292.64,2605.314,"Census Tract 65, Hamilton County, OH",14000US39061006500
2019,2019,0,Total,12645.384,1119.666,"Census Tract 81, Hamilton County, OH",14000US39061008100
2019,2019,0,Total,61130.94,11006.61,"Census Tract 66, Hamilton County, OH",14000US39061006600
2019,2019,0,Total,20634,8579.4,"Census Tract 80, Hamilton County, OH",14000US39061008000
2019,2019,0,Total,55737.864,4974.966,"Census Tract 68, Hamilton County, OH",14000US39061006800
2019,2019,0,Total,21137.904,3399.18,"Census Tract 79, Hamilton County, OH",14000US39061007900
2019,2019,0,Total,51867.36,9255.978,"Census Tract 69, Hamilton County, OH",14000US39061006900
2019,2019,0,Total,28353.288,4925.01,"Census Tract 78, Hamilton County, OH",14000US39061007800
2019,2019,0,Total,54924.45,7889.79,"Census Tract 70, Hamilton County, OH",14000US39061007000
2019,2019,0,Total,42897,20698.074,"Census Tract 77, Hamilton County, OH",14000US39061007700
2019,2019,0,Total,20653.548,6322.692,"Census Tract 71, Hamilton County, OH",14000US39061007100
2019,2019,0,Total,33369.522,8701.032,"Census Tract 75, Hamilton County, OH",14000US39061007500
2019,2019,0,Total,29865,9047.466,"Census Tract 72, Hamilton County, OH",14000US39061007200
2019,2019,0,Total,39639,21133.56,"Census Tract 74, Hamilton County, OH",14000US39061007400
2019,2019,0,Total,31706.856,8748.816,"Census Tract 73, Hamilton County, OH",14000US39061007300
